Workbook

Sheet DATASET_ICAL
A1: studytime | B1: G3 | C1: Y | E1: NO
A2: 2 | B2: 6 | C2: 0 | E2: 1
A3: 2 | B3: 6 | C3: 0 | E3: 2
A4: 2 | B4: 10 | C4: 1 | E4: 3
A5: 3 | B5: 15 | C5: 1 | E5: 4
A6: 2 | B6: 10 | C6: 1 | E6: 5
A7: 2 | B7: 15 | C7: 1 | E7: 6
A8: 2 | B8: 11 | C8: 1 | E8: 7
A9: 2 | B9: 6 | C9: 0 | E9: 8
A10: 2 | B10: 19 | C10: 1 | E10: 9
A11: 2 | B11: 15 | C11: 1 | E11: 10
A12: 2 | B12: 9 | C12: 0 | E12: 11
A13: 3 | B13: 12 | C13: 1 | E13: 12
... A51: 2 | B51: 14 | C51: 1 | E51: 50

Sheet ITERASI_1
E1: W | F1: 0.1
E2: b | F2: 0.1
E3: alpha | F3: 0.1
A5: x | B5: y | C5: z | E5: Error | F5: Error x X
A6: =DATASET_ICAL!A2 -> 2 | B6: =DATASET_ICAL!C2 -> 0 | C6: =$F$1*A6+$F$2 -> 0.3 | D6: =1/(1+EXP(-C6)) -> 0.57444252 | E6: =D6-B6 -> 0.57444252 | F6: =E6*A6 -> 1.148885
A7: =DATASET_ICAL!A3 -> 2 | B7: =DATASET_ICAL!C3 -> 0 | C7: =$F$1*A7+$F$2 -> 0.3 | D7: =1/(1+EXP(-C7)) -> 0.57444252 | E7: =D7-B7 -> 0.57444252 | F7: =E7*A7 -> 1.148885
A8: =DATASET_ICAL!A4 -> 2 | B8: =DATASET_ICAL!C4 -> 1 | C8: =$F$1*A8+$F$2 -> 0.3 | D8: =1/(1+EXP(-C8)) -> 0.57444252 | E8: =D8-B8 -> -0.42555748 | F8: =E8*A8 -> -0.85111497
A9: =DATASET_ICAL!A5 -> 3 | B9: =DATASET_ICAL!C5 -> 1 | C9: =$F$1*A9+$F$2 -> 0.4 | D9: =1/(1+EXP(-C9)) -> 0.59868766 | E9: =D9-B9 -> -0.40131234 | F9: =E9*A9 -> -1.203937
A10: =DATASET_ICAL!A6 -> 2 | B10: =DATASET_ICAL!C6 -> 1 | C10: =$F$1*A10+$F$2 -> 0.3 | D10: =1/(1+EXP(-C10)) -> 0.57444252 | E10: =D10-B10 -> -0.42555748 | F10: =E10*A10 -> -0.85111497
A11: =DATASET_ICAL!A7 -> 2 | B11: =DATASET_ICAL!C7 -> 1 | C11: =$F$1*A11+$F$2 -> 0.3 | D11: =1/(1+EXP(-C11)) -> 0.57444252 | E11: =D11-B11 -> -0.42555748 | F11: =E11*A11 -> -0.85111497
A12: =DATASET_ICAL!A8 -> 2 | B12: =DATASET_ICAL!C8 -> 1 | C12: =$F$1*A12+$F$2 -> 0.3 | D12: =1/(1+EXP(-C12)) -> 0.57444252 | E12: =D12-B12 -> -0.42555748 | F12: =E12*A12 -> -0.85111497
A13: =DATASET_ICAL!A9 -> 2 | B13: =DATASET_ICAL!C9 -> 0 | C13: =$F$1*A13+$F$2 -> 0.3 | D13: =1/(1+EXP(-C13)) -> 0.57444252 | E13: =D13-B13 -> 0.57444252 | F13: =E13*A13 -> 1.148885
A14: =DATASET_ICAL!A10 -> 2 | B14: =DATASET_ICAL!C10 -> 1 | C14: =$F$1*A14+$F$2 -> 0.3 | D14: =1/(1+EXP(-C14)) -> 0.57444252 | E14: =D14-B14 -> -0.42555748 | F14: =E14*A14 -> -0.85111497
A15: =DATASET_ICAL!A11 -> 2 | B15: =DATASET_ICAL!C11 -> 1 | C15: =$F$1*A15+$F$2 -> 0.3 | D15: =1/(1+EXP(-C15)) -> 0.57444252 | E15: =D15-B15 -> -0.42555748 | F15: =E15*A15 -> -0.85111497
A16: =DATASET_ICAL!A12 -> 2 | B16: =DATASET_ICAL!C12 -> 0 | C16: =$F$1*A16+$F$2 -> 0.3 | D16: =1/(1+EXP(-C16)) -> 0.57444252 | E16: =D16-B16 -> 0.57444252 | F16: =E16*A16 -> 1.148885
A17: =DATASET_ICAL!A13 -> 3 | B17: =DATASET_ICAL!C13 -> 1 | C17: =$F$1*A17+$F$2 -> 0.4 | D17: =1/(1+EXP(-C17)) -> 0.59868766 | E17: =D17-B17 -> -0.40131234 | F17: =E17*A17 -> -1.203937
... A55: =DATASET_ICAL!A51 -> 2 | B55: =DATASET_ICAL!C51 -> 1 | C55: =$F$1*A55+$F$2 -> 0.3 | D55: =1/(1+EXP(-C55)) -> 0.57444252 | E55: =D55-B55 -> -0.42555748 | F55: =E55*A55 -> -0.85111497
A57: grad_b | B57: grad_w
A58: =AVERAGE(E6:E55) -> -0.22711614 | B58: =AVERAGE(F6:F55) -> -0.45650072
A60: w₁ | B60: b₁
A61: =F1-$F$3*B58 -> 0.14565007 | B61: =F2-$F$3*A58 -> 0.12271161

Sheet ITERASI_2
E1: W | F1: =ITERASI_1!A61 -> 0.14565007
E2: b | F2: =ITERASI_1!B61 -> 0.12271161
E3: alpha | F3: 0.1
A5: x | B5: y | C5: z | E5: Error | F5: Error x X
A6: =DATASET_ICAL!A2 -> 2 | B6: =DATASET_ICAL!C2 -> 0 | C6: =$F$1*A6+$F$2 -> 0.41401176 | D6: =1/(1+EXP(-C6)) -> 0.60204943 | E6: =D6-B6 -> 0.60204943 | F6: =E6*A6 -> 1.2040989
A7: =DATASET_ICAL!A3 -> 2 | B7: =DATASET_ICAL!C3 -> 0 | C7: =$F$1*A7+$F$2 -> 0.41401176 | D7: =1/(1+EXP(-C7)) -> 0.60204943 | E7: =D7-B7 -> 0.60204943 | F7: =E7*A7 -> 1.2040989
A8: =DATASET_ICAL!A4 -> 2 | B8: =DATASET_ICAL!C4 -> 1 | C8: =$F$1*A8+$F$2 -> 0.41401176 | D8: =1/(1+EXP(-C8)) -> 0.60204943 | E8: =D8-B8 -> -0.39795057 | F8: =E8*A8 -> -0.79590114
A9: =DATASET_ICAL!A5 -> 3 | B9: =DATASET_ICAL!C5 -> 1 | C9: =$F$1*A9+$F$2 -> 0.55966183 | D9: =1/(1+EXP(-C9)) -> 0.63637429 | E9: =D9-B9 -> -0.36362571 | F9: =E9*A9 -> -1.0908771
A10: =DATASET_ICAL!A6 -> 2 | B10: =DATASET_ICAL!C6 -> 1 | C10: =$F$1*A10+$F$2 -> 0.41401176 | D10: =1/(1+EXP(-C10)) -> 0.60204943 | E10: =D10-B10 -> -0.39795057 | F10: =E10*A10 -> -0.79590114
A11: =DATASET_ICAL!A7 -> 2 | B11: =DATASET_ICAL!C7 -> 1 | C11: =$F$1*A11+$F$2 -> 0.41401176 | D11: =1/(1+EXP(-C11)) -> 0.60204943 | E11: =D11-B11 -> -0.39795057 | F11: =E11*A11 -> -0.79590114
A12: =DATASET_ICAL!A8 -> 2 | B12: =DATASET_ICAL!C8 -> 1 | C12: =$F$1*A12+$F$2 -> 0.41401176 | D12: =1/(1+EXP(-C12)) -> 0.60204943 | E12: =D12-B12 -> -0.39795057 | F12: =E12*A12 -> -0.79590114
A13: =DATASET_ICAL!A9 -> 2 | B13: =DATASET_ICAL!C9 -> 0 | C13: =$F$1*A13+$F$2 -> 0.41401176 | D13: =1/(1+EXP(-C13)) -> 0.60204943 | E13: =D13-B13 -> 0.60204943 | F13: =E13*A13 -> 1.2040989
A14: =DATASET_ICAL!A10 -> 2 | B14: =DATASET_ICAL!C10 -> 1 | C14: =$F$1*A14+$F$2 -> 0.41401176 | D14: =1/(1+EXP(-C14)) -> 0.60204943 | E14: =D14-B14 -> -0.39795057 | F14: =E14*A14 -> -0.79590114
A15: =DATASET_ICAL!A11 -> 2 | B15: =DATASET_ICAL!C11 -> 1 | C15: =$F$1*A15+$F$2 -> 0.41401176 | D15: =1/(1+EXP(-C15)) -> 0.60204943 | E15: =D15-B15 -> -0.39795057 | F15: =E15*A15 -> -0.79590114
A16: =DATASET_ICAL!A12 -> 2 | B16: =DATASET_ICAL!C12 -> 0 | C16: =$F$1*A16+$F$2 -> 0.41401176 | D16: =1/(1+EXP(-C16)) -> 0.60204943 | E16: =D16-B16 -> 0.60204943 | F16: =E16*A16 -> 1.2040989
A17: =DATASET_ICAL!A13 -> 3 | B17: =DATASET_ICAL!C13 -> 1 | C17: =$F$1*A17+$F$2 -> 0.55966183 | D17: =1/(1+EXP(-C17)) -> 0.63637429 | E17: =D17-B17 -> -0.36362571 | F17: =E17*A17 -> -1.0908771
... A55: =DATASET_ICAL!A51 -> 2 | B55: =DATASET_ICAL!C51 -> 1 | C55: =$F$1*A55+$F$2 -> 0.41401176 | D55: =1/(1+EXP(-C55)) -> 0.60204943 | E55: =D55-B55 -> -0.39795057 | F55: =E55*A55 -> -0.79590114
A57: grad_b | B57: grad_w
A58: =AVERAGE(E6:E55) -> -0.20030557 | B58: =AVERAGE(F6:F55) -> -0.39935625
A60: w₁ | B60: b₁
A61: =F1-$F$3*B58 -> 0.1855857 | B61: =F2-$F$3*A58 -> 0.14274217

Sheet ITERASI_3
E1: W | F1: =ITERASI_2!A61 -> 0.1855857
E2: b | F2: =ITERASI_2!B61 -> 0.14274217
E3: alpha | F3: 0.1
A5: x | B5: y | C5: z | E5: Error | F5: Error x X
A6: =DATASET_ICAL!A2 -> 2 | B6: =DATASET_ICAL!C2 -> 0 | C6: =$F$1*A6+$F$2 -> 0.51391357 | D6: =1/(1+EXP(-C6)) -> 0.62572346 | E6: =D6-B6 -> 0.62572346 | F6: =E6*A6 -> 1.2514469
A7: =DATASET_ICAL!A3 -> 2 | B7: =DATASET_ICAL!C3 -> 0 | C7: =$F$1*A7+$F$2 -> 0.51391357 | D7: =1/(1+EXP(-C7)) -> 0.62572346 | E7: =D7-B7 -> 0.62572346 | F7: =E7*A7 -> 1.2514469
A8: =DATASET_ICAL!A4 -> 2 | B8: =DATASET_ICAL!C4 -> 1 | C8: =$F$1*A8+$F$2 -> 0.51391357 | D8: =1/(1+EXP(-C8)) -> 0.62572346 | E8: =D8-B8 -> -0.37427654 | F8: =E8*A8 -> -0.74855309
A9: =DATASET_ICAL!A5 -> 3 | B9: =DATASET_ICAL!C5 -> 1 | C9: =$F$1*A9+$F$2 -> 0.69949926 | D9: =1/(1+EXP(-C9)) -> 0.66807674 | E9: =D9-B9 -> -0.33192326 | F9: =E9*A9 -> -0.99576977
A10: =DATASET_ICAL!A6 -> 2 | B10: =DATASET_ICAL!C6 -> 1 | C10: =$F$1*A10+$F$2 -> 0.51391357 | D10: =1/(1+EXP(-C10)) -> 0.62572346 | E10: =D10-B10 -> -0.37427654 | F10: =E10*A10 -> -0.74855309
A11: =DATASET_ICAL!A7 -> 2 | B11: =DATASET_ICAL!C7 -> 1 | C11: =$F$1*A11+$F$2 -> 0.51391357 | D11: =1/(1+EXP(-C11)) -> 0.62572346 | E11: =D11-B11 -> -0.37427654 | F11: =E11*A11 -> -0.74855309
A12: =DATASET_ICAL!A8 -> 2 | B12: =DATASET_ICAL!C8 -> 1 | C12: =$F$1*A12+$F$2 -> 0.51391357 | D12: =1/(1+EXP(-C12)) -> 0.62572346 | E12: =D12-B12 -> -0.37427654 | F12: =E12*A12 -> -0.74855309
A13: =DATASET_ICAL!A9 -> 2 | B13: =DATASET_ICAL!C9 -> 0 | C13: =$F$1*A13+$F$2 -> 0.51391357 | D13: =1/(1+EXP(-C13)) -> 0.62572346 | E13: =D13-B13 -> 0.62572346 | F13: =E13*A13 -> 1.2514469
A14: =DATASET_ICAL!A10 -> 2 | B14: =DATASET_ICAL!C10 -> 1 | C14: =$F$1*A14+$F$2 -> 0.51391357 | D14: =1/(1+EXP(-C14)) -> 0.62572346 | E14: =D14-B14 -> -0.37427654 | F14: =E14*A14 -> -0.74855309
A15: =DATASET_ICAL!A11 -> 2 | B15: =DATASET_ICAL!C11 -> 1 | C15: =$F$1*A15+$F$2 -> 0.51391357 | D15: =1/(1+EXP(-C15)) -> 0.62572346 | E15: =D15-B15 -> -0.37427654 | F15: =E15*A15 -> -0.74855309
A16: =DATASET_ICAL!A12 -> 2 | B16: =DATASET_ICAL!C12 -> 0 | C16: =$F$1*A16+$F$2 -> 0.51391357 | D16: =1/(1+EXP(-C16)) -> 0.62572346 | E16: =D16-B16 -> 0.62572346 | F16: =E16*A16 -> 1.2514469
A17: =DATASET_ICAL!A13 -> 3 | B17: =DATASET_ICAL!C13 -> 1 | C17: =$F$1*A17+$F$2 -> 0.69949926 | D17: =1/(1+EXP(-C17)) -> 0.66807674 | E17: =D17-B17 -> -0.33192326 | F17: =E17*A17 -> -0.99576977
... A55: =DATASET_ICAL!A51 -> 2 | B55: =DATASET_ICAL!C51 -> 1 | C55: =$F$1*A55+$F$2 -> 0.51391357 | D55: =1/(1+EXP(-C55)) -> 0.62572346 | E55: =D55-B55 -> -0.37427654 | F55: =E55*A55 -> -0.74855309
A57: grad_b | B57: grad_w
A58: =AVERAGE(E6:E55) -> -0.17739345 | B58: =AVERAGE(F6:F55) -> -0.35073126
A60: w₁ | B60: b₁
A61: =F1-$F$3*B58 -> 0.22065882 | B61: =F2-$F$3*A58 -> 0.16048152

Sheet ITERASI_4
E1: W | F1: =ITERASI_3!A61 -> 0.22065882
E2: b | F2: =ITERASI_3!B61 -> 0.16048152
E3: alpha | F3: 0.1
A5: x | B5: y | C5: z | E5: Error | F5: Error x X
A6: =DATASET_ICAL!A2 -> 2 | B6: =DATASET_ICAL!C2 -> 0 | C6: =$F$1*A6+$F$2 -> 0.60179916 | D6: =1/(1+EXP(-C6)) -> 0.64606782 | E6: =D6-B6 -> 0.64606782 | F6: =E6*A6 -> 1.2921356
A7: =DATASET_ICAL!A3 -> 2 | B7: =DATASET_ICAL!C3 -> 0 | C7: =$F$1*A7+$F$2 -> 0.60179916 | D7: =1/(1+EXP(-C7)) -> 0.64606782 | E7: =D7-B7 -> 0.64606782 | F7: =E7*A7 -> 1.2921356
A8: =DATASET_ICAL!A4 -> 2 | B8: =DATASET_ICAL!C4 -> 1 | C8: =$F$1*A8+$F$2 -> 0.60179916 | D8: =1/(1+EXP(-C8)) -> 0.64606782 | E8: =D8-B8 -> -0.35393218 | F8: =E8*A8 -> -0.70786436
A9: =DATASET_ICAL!A5 -> 3 | B9: =DATASET_ICAL!C5 -> 1 | C9: =$F$1*A9+$F$2 -> 0.82245799 | D9: =1/(1+EXP(-C9)) -> 0.69475785 | E9: =D9-B9 -> -0.30524215 | F9: =E9*A9 -> -0.91572644
A10: =DATASET_ICAL!A6 -> 2 | B10: =DATASET_ICAL!C6 -> 1 | C10: =$F$1*A10+$F$2 -> 0.60179916 | D10: =1/(1+EXP(-C10)) -> 0.64606782 | E10: =D10-B10 -> -0.35393218 | F10: =E10*A10 -> -0.70786436
A11: =DATASET_ICAL!A7 -> 2 | B11: =DATASET_ICAL!C7 -> 1 | C11: =$F$1*A11+$F$2 -> 0.60179916 | D11: =1/(1+EXP(-C11)) -> 0.64606782 | E11: =D11-B11 -> -0.35393218 | F11: =E11*A11 -> -0.70786436
A12: =DATASET_ICAL!A8 -> 2 | B12: =DATASET_ICAL!C8 -> 1 | C12: =$F$1*A12+$F$2 -> 0.60179916 | D12: =1/(1+EXP(-C12)) -> 0.64606782 | E12: =D12-B12 -> -0.35393218 | F12: =E12*A12 -> -0.70786436
A13: =DATASET_ICAL!A9 -> 2 | B13: =DATASET_ICAL!C9 -> 0 | C13: =$F$1*A13+$F$2 -> 0.60179916 | D13: =1/(1+EXP(-C13)) -> 0.64606782 | E13: =D13-B13 -> 0.64606782 | F13: =E13*A13 -> 1.2921356
A14: =DATASET_ICAL!A10 -> 2 | B14: =DATASET_ICAL!C10 -> 1 | C14: =$F$1*A14+$F$2 -> 0.60179916 | D14: =1/(1+EXP(-C14)) -> 0.64606782 | E14: =D14-B14 -> -0.35393218 | F14: =E14*A14 -> -0.70786436
A15: =DATASET_ICAL!A11 -> 2 | B15: =DATASET_ICAL!C11 -> 1 | C15: =$F$1*A15+$F$2 -> 0.60179916 | D15: =1/(1+EXP(-C15)) -> 0.64606782 | E15: =D15-B15 -> -0.35393218 | F15: =E15*A15 -> -0.70786436
A16: =DATASET_ICAL!A12 -> 2 | B16: =DATASET_ICAL!C12 -> 0 | C16: =$F$1*A16+$F$2 -> 0.60179916 | D16: =1/(1+EXP(-C16)) -> 0.64606782 | E16: =D16-B16 -> 0.64606782 | F16: =E16*A16 -> 1.2921356
A17: =DATASET_ICAL!A13 -> 3 | B17: =DATASET_ICAL!C13 -> 1 | C17: =$F$1*A17+$F$2 -> 0.82245799 | D17: =1/(1+EXP(-C17)) -> 0.69475785 | E17: =D17-B17 -> -0.30524215 | F17: =E17*A17 -> -0.91572644
... A55: =DATASET_ICAL!A51 -> 2 | B55: =DATASET_ICAL!C51 -> 1 | C55: =$F$1*A55+$F$2 -> 0.60179916 | D55: =1/(1+EXP(-C55)) -> 0.64606782 | E55: =D55-B55 -> -0.35393218 | F55: =E55*A55 -> -0.70786436
A57: grad_b | B57: grad_w
A58: =AVERAGE(E6:E55) -> -0.15777324 | B58: =AVERAGE(F6:F55) -> -0.30928569
A60: w₁ | B60: b₁
A61: =F1-$F$3*B58 -> 0.25158739 | B61: =F2-$F$3*A58 -> 0.17625884

Sheet ITERASI_5
E1: W | F1: =ITERASI_4!A61 -> 0.25158739
E2: b | F2: =ITERASI_4!B61 -> 0.17625884
E3: alpha | F3: 0.1
A5: x | B5: y | C5: z | E5: Error | F5: Error x X | H5: Prediksi | I5: Benar | J5: Akurasi
A6: =DATASET_ICAL!A2 -> 2 | B6: =DATASET_ICAL!C2 -> 0 | C6: =$F$1*A6+$F$2 -> 0.67943362 | D6: =1/(1+EXP(-C6)) -> 0.66361228 | E6: =D6-B6 -> 0.66361228 | F6: =E6*A6 -> 1.3272246 | H6: =IF(D6>=0.5,1,0) -> 1 | I6: =IF(H6=B6,1,0) -> 0 | J6: =AVERAGE(I6:I55) -> 0.8
A7: =DATASET_ICAL!A3 -> 2 | B7: =DATASET_ICAL!C3 -> 0 | C7: =$F$1*A7+$F$2 -> 0.67943362 | D7: =1/(1+EXP(-C7)) -> 0.66361228 | E7: =D7-B7 -> 0.66361228 | F7: =E7*A7 -> 1.3272246 | H7: =IF(D7>=0.5,1,0) -> 1 | I7: =IF(H7=B7,1,0) -> 0
A8: =DATASET_ICAL!A4 -> 2 | B8: =DATASET_ICAL!C4 -> 1 | C8: =$F$1*A8+$F$2 -> 0.67943362 | D8: =1/(1+EXP(-C8)) -> 0.66361228 | E8: =D8-B8 -> -0.33638772 | F8: =E8*A8 -> -0.67277545 | H8: =IF(D8>=0.5,1,0) -> 1 | I8: =IF(H8=B8,1,0) -> 1
A9: =DATASET_ICAL!A5 -> 3 | B9: =DATASET_ICAL!C5 -> 1 | C9: =$F$1*A9+$F$2 -> 0.93102102 | D9: =1/(1+EXP(-C9)) -> 0.71728238 | E9: =D9-B9 -> -0.28271762 | F9: =E9*A9 -> -0.84815285 | H9: =IF(D9>=0.5,1,0) -> 1 | I9: =IF(H9=B9,1,0) -> 1
A10: =DATASET_ICAL!A6 -> 2 | B10: =DATASET_ICAL!C6 -> 1 | C10: =$F$1*A10+$F$2 -> 0.67943362 | D10: =1/(1+EXP(-C10)) -> 0.66361228 | E10: =D10-B10 -> -0.33638772 | F10: =E10*A10 -> -0.67277545 | H10: =IF(D10>=0.5,1,0) -> 1 | I10: =IF(H10=B10,1,0) -> 1
A11: =DATASET_ICAL!A7 -> 2 | B11: =DATASET_ICAL!C7 -> 1 | C11: =$F$1*A11+$F$2 -> 0.67943362 | D11: =1/(1+EXP(-C11)) -> 0.66361228 | E11: =D11-B11 -> -0.33638772 | F11: =E11*A11 -> -0.67277545 | H11: =IF(D11>=0.5,1,0) -> 1 | I11: =IF(H11=B11,1,0) -> 1
A12: =DATASET_ICAL!A8 -> 2 | B12: =DATASET_ICAL!C8 -> 1 | C12: =$F$1*A12+$F$2 -> 0.67943362 | D12: =1/(1+EXP(-C12)) -> 0.66361228 | E12: =D12-B12 -> -0.33638772 | F12: =E12*A12 -> -0.67277545 | H12: =IF(D12>=0.5,1,0) -> 1 | I12: =IF(H12=B12,1,0) -> 1
A13: =DATASET_ICAL!A9 -> 2 | B13: =DATASET_ICAL!C9 -> 0 | C13: =$F$1*A13+$F$2 -> 0.67943362 | D13: =1/(1+EXP(-C13)) -> 0.66361228 | E13: =D13-B13 -> 0.66361228 | F13: =E13*A13 -> 1.3272246 | H13: =IF(D13>=0.5,1,0) -> 1 | I13: =IF(H13=B13,1,0) -> 0
A14: =DATASET_ICAL!A10 -> 2 | B14: =DATASET_ICAL!C10 -> 1 | C14: =$F$1*A14+$F$2 -> 0.67943362 | D14: =1/(1+EXP(-C14)) -> 0.66361228 | E14: =D14-B14 -> -0.33638772 | F14: =E14*A14 -> -0.67277545 | H14: =IF(D14>=0.5,1,0) -> 1 | I14: =IF(H14=B14,1,0) -> 1
A15: =DATASET_ICAL!A11 -> 2 | B15: =DATASET_ICAL!C11 -> 1 | C15: =$F$1*A15+$F$2 -> 0.67943362 | D15: =1/(1+EXP(-C15)) -> 0.66361228 | E15: =D15-B15 -> -0.33638772 | F15: =E15*A15 -> -0.67277545 | H15: =IF(D15>=0.5,1,0) -> 1 | I15: =IF(H15=B15,1,0) -> 1
A16: =DATASET_ICAL!A12 -> 2 | B16: =DATASET_ICAL!C12 -> 0 | C16: =$F$1*A16+$F$2 -> 0.67943362 | D16: =1/(1+EXP(-C16)) -> 0.66361228 | E16: =D16-B16 -> 0.66361228 | F16: =E16*A16 -> 1.3272246 | H16: =IF(D16>=0.5,1,0) -> 1 | I16: =IF(H16=B16,1,0) -> 0
A17: =DATASET_ICAL!A13 -> 3 | B17: =DATASET_ICAL!C13 -> 1 | C17: =$F$1*A17+$F$2 -> 0.93102102 | D17: =1/(1+EXP(-C17)) -> 0.71728238 | E17: =D17-B17 -> -0.28271762 | F17: =E17*A17 -> -0.84815285 | H17: =IF(D17>=0.5,1,0) -> 1 | I17: =IF(H17=B17,1,0) -> 1
A18: =DATASET_ICAL!A14 -> 1 | B18: =DATASET_ICAL!C14 -> 1 | C18: =$F$1*A18+$F$2 -> 0.42784623 | D18: =1/(1+EXP(-C18)) -> 0.60535925 | E18: =D18-B18 -> -0.39464075 | F18: =E18*A18 -> -0.39464075 | H18: =IF(D18>=0.5,1,0) -> 1 | I18: =IF(H18=B18,1,0) -> 1
... A55: =DATASET_ICAL!A51 -> 2 | B55: =DATASET_ICAL!C51 -> 1 | C55: =$F$1*A55+$F$2 -> 0.67943362 | D55: =1/(1+EXP(-C55)) -> 0.66361228 | E55: =D55-B55 -> -0.33638772 | F55: =E55*A55 -> -0.67277545 | H55: =IF(D55>=0.5,1,0) -> 1 | I55: =IF(H55=B55,1,0) -> 1
A57: grad_b | B57: grad_w
A58: =AVERAGE(E6:E55) -> -0.14091021 | B58: =AVERAGE(F6:F55) -> -0.27383198
A60: w₁ | B60: b₁
A61: =F1-$F$3*B58 -> 0.27897059 | B61: =F2-$F$3*A58 -> 0.19034986
